word,definition,model_name,Interpret,Create,Translate,Generate,Interpret_rating,Interpret_full_rating,Create_rating,Create_full_rating,Translate_rating,Translate_full_rating,Generate_rating,Generate_full_rating
petddit,"a reference to ""pet reddit"", reddit forums where users discuss pet related content",mini,"The word ""petddit"" appears to be a blend or portmanteau of ""pet"" and ""Reddit."" It could refer to a community or platform, possibly on Reddit, where people discuss, share, or post content related to pets. This might include sharing pet photos, asking for advice on pet care, or discussing pet-related topics. Without more context, it's difficult to provide a precise interpretation, but this seems like a plausible explanation.","It seems like ""petddit"" might be a typo or a term I'm not familiar with. If you meant ""Reddit,"" I can certainly help with that. However, if ""petddit"" is a specific term or name you intended, could you provide more context or clarify its meaning?","It appears that ""petddit"" may be a typographical error or a term that is unfamiliar to me. If you intended to refer to ""Reddit,"" I am able to assist with that. However, if ""petddit"" is a specific term or name you intended to use, could you please provide additional context or clarify its meaning?","Creating new words similar to ""petddit"" involves playing with sounds, syllables, and structures. Here are a few suggestions:

1. Petditt
2. Petdrit
3. Petdritch
4. Petdittor
5. Petdiddle
6. Petdott
7. Petdritty
8. Petdittal
9. Petdiddle
10. Petdritch

These variations maintain a similar phonetic feel to ""petddit"" while introducing slight changes.",GOOD,GOOD,BAD,"BAD

The content does not provide sentences containing the word ""petddit"" as requested. Instead, it focuses on clarifying a potential misunderstanding of the term without fulfilling the task of creating sentences.",OKAY,OKAY,GOOD,GOOD
pupset,"a dog being sad, angry, or worried",mini,"The word ""pupset"" appears to be a blend or portmanteau of ""pup"" and ""upset."" It could be used to describe a situation where a puppy or young dog is upset or distressed. Alternatively, it might be used more playfully to describe a situation where someone is as upset as a puppy might be, perhaps implying a level of cuteness or endearment in their distress. Since ""pupset"" is not a standard English word, its meaning could vary based on context or the intent of the person using it.","Certainly! Here are a few sentences using the word ""pupset"":

1. After the thunderstorm scared him, Max the golden retriever was visibly pupset and needed extra cuddles.
2. The new puppy was pupset when his favorite toy went missing under the couch.
3. Seeing the empty food bowl, Bella became pupset and barked until her owner refilled it.
4. The little beagle was pupset when her playmate had to leave the dog park early.
5. Despite being pupset about the vet visit, Charlie wagged his tail when he got a treat afterward.","Certainly! Here are the sentences translated into professional English:

1. After the thunderstorm frightened him, Max, the golden retriever, was visibly distressed and required additional comfort.
2. The new puppy was upset when his favorite toy went missing under the couch.
3. Upon seeing the empty food bowl, Bella became agitated and barked until her owner refilled it.
4. The young beagle was disappointed when her playmate had to leave the dog park early.
5. Despite being upset about the visit to the veterinarian, Charlie wagged his tail when he received a treat afterward.","Creating new words similar to ""pupset"" involves playing with sounds and structures. Here are a few suggestions:

1. Pupsettle
2. Pupshift
3. Pupstir
4. Pupstart
5. Pupscape
6. Pupslide
7. Pupspin
8. Pupstorm
9. Pupstunt
10. Pupstreak

These words maintain a similar phonetic structure while introducing slight variations.",GOOD,GOOD,EXCELLENT,"Rating: EXCELLENT

The content effectively uses the playful term ""pupset"" in various contexts, demonstrating creativity and a clear understanding of the word's intended meaning. Each sentence provides a relatable scenario that captures the emotions of a dog being sad, angry, or worried, aligning well with the definition provided.",EXCELLENT,"Rating: EXCELLENT

The content effectively translates the informal expression "":pupset"" into professional English by providing clear and contextually appropriate sentences that convey the emotions of a dog being sad, angry, or worried. Each sentence is well-structured and maintains a professional tone.",GOOD,"GOOD

The content creatively generates new words similar to ""pupset"" by maintaining a consistent phonetic structure and introducing slight variations. The suggestions are playful and imaginative, fitting the theme of creating new words."
cronch,"Alternative spelling of crunch. The sound made when something is crushed with teefs. Doggos love to cronch on plastic water bottles, ice, popcorn, etc.",mini,"""Cronch"" is an onomatopoeic term often used to describe the sound of something being bitten into or crushed, typically something crunchy or crispy. It is commonly used in a playful or humorous context, especially in internet slang and memes, to evoke the satisfying noise of eating crunchy foods like chips, apples, or carrots. The term captures the auditory experience of the crunching sound.","Certainly! Here are a few sentences using the word ""cronch"":

1. As I bit into the fresh apple, I could hear the satisfying cronch echo in the quiet room.
2. The dog found a stick and began to cronch it happily in the backyard.
3. With each step on the gravel path, there was a distinct cronch underfoot.
4. The cronch of the potato chips was the only sound in the otherwise silent movie theater.
5. She loved the cronch of the toasted bread in her sandwich, adding a delightful texture to her lunch.","Certainly! Here are the sentences translated into professional English:

1. As I bit into the fresh apple, I could hear the satisfying crunch resonate in the quiet room.
2. The dog found a stick and began to chew it contentedly in the backyard.
3. With each step on the gravel path, there was a distinct crunch underfoot.
4. The crunch of the potato chips was the only sound in the otherwise silent movie theater.
5. She appreciated the crunch of the toasted bread in her sandwich, adding a delightful texture to her lunch.","Creating new words similar to ""cronch"" involves playing with sounds and structures. Here are a few suggestions:

1. **Scronch**
2. **Bronch**
3. **Clonch**
4. **Grunch**
5. **Tronch**
6. **Frunch**
7. **Plonch**
8. **Zronch**
9. **Drunch**
10. **Vronch**

These words maintain a similar phonetic feel to ""cronch"" while introducing slight variations.",GOOD,GOOD,EXCELLENT,"The content provided can be rated as EXCELLENT. The sentences effectively demonstrate the use of the playful term ""cronch"" in various contexts, showcasing creativity and a clear understanding of the word's intended meaning. Each sentence is well-constructed and vividly illustrates the sound or action associated with ""cronch.""",GOOD,GOOD,GOOD,"GOOD

The content effectively generates new words that are phonetically similar to ""cronch,"" maintaining a playful and creative approach. The list is varied and imaginative, which aligns well with the task of creating new, similar-sounding words."
puppets up,Playfully referencing a dog’s excited or alert posture.,mini,"The phrase ""puppets up"" can be interpreted in a few different ways depending on the context in which it is used. Here are a few possibilities:

1. **Literal Interpretation**: It could refer to physically raising or holding up puppets, perhaps in preparation for a puppet show or performance.

2. **Metaphorical Interpretation**: It might be used metaphorically to suggest that someone is being controlled or manipulated, similar to how a puppeteer controls puppets. In this sense, ""puppets up"" could imply that someone is pulling the strings behind the scenes.

3. **Colloquial or Slang Usage**: It could be a colloquial expression or part of a slang phrase that has a specific meaning in a particular community or subculture. Without additional context, it's hard to determine the exact meaning.

4. **Title or Name**: It could be the title of a show, event, or project involving puppets, such as a puppet festival or a specific performance.

To provide a more accurate interpretation, additional context about where and how the phrase is being used would be helpful.","Certainly! Here are a few sentences using the phrase ""puppets up"":

1. During the talent show, the children eagerly held their puppets up for everyone to see.
2. As the curtain rose, the puppeteer brought the puppets up to the stage, ready to perform their magical story.
3. The teacher asked the students to hold their puppets up high so everyone in the audience could enjoy the performance.
4. In the workshop, the instructor demonstrated how to properly hold the puppets up to create lifelike movements.
5. The parade featured a float where giant puppets rose up, delighting the crowd with their vibrant colors and animated gestures.","Certainly! Here are the sentences translated into professional English:

1. During the talent show, the children enthusiastically raised their puppets for everyone to view.
2. As the curtain ascended, the puppeteer elevated the puppets onto the stage, prepared to deliver their enchanting narrative.
3. The teacher instructed the students to raise their puppets high so the entire audience could appreciate the performance.
4. In the workshop, the instructor demonstrated the proper technique for holding the puppets to create realistic movements.
5. The parade featured a float with giant puppets that ascended, captivating the crowd with their vibrant colors and animated gestures.","Creating new words similar to ""puppets up"" involves playing with the structure, sound, and rhythm of the phrase. Here are a few suggestions:

1. **Marionettes Up** - A nod to another type of puppet.
2. **Dollies Rise** - Using a synonym for ""puppets"" and a similar action.
3. **Stringers Lift** - Referring to the strings that control puppets.
4. **Puppet Parade** - Suggesting movement and display.
5. **Puppet Pop** - A playful, rhythmic variation.
6. **Puppet Elevate** - Using a more formal term for ""up.""
7. **Puppet Ascend** - Another formal variation.
8. **Puppet Hoist** - Emphasizing the action of lifting.
9. **Puppet Surge** - Suggesting a sudden upward movement.
10. **Puppet Uplift** - Combining ""up"" with a positive connotation.

These variations maintain the playful and dynamic essence of the original phrase while introducing new elements.",OKAY,"OKAY

The content provides a reasonable exploration of possible interpretations of the phrase ""puppets up,"" but it lacks a direct connection to the initial prompt about a dog's excited or alert posture. The interpretations are varied and cover different contexts, but they don't align with the playful reference to a dog's behavior, which seems to be the intended focus. More clarity or alignment with the initial definition would improve the rating.",BAD,"BAD

The content provided does not accurately use the phrase ""puppets up"" in the context of playfully referencing a dog's excited or alert posture. Instead, it uses ""puppets up"" in a literal sense related to puppetry, which does not align with the intended playful or metaphorical usage.",GOOD,"GOOD

The content effectively translates the given sentences into professional English, maintaining clarity and a formal tone. The sentences are well-structured and convey the intended meaning accurately.",GOOD,"Rating: GOOD

The content provides a creative and playful approach to generating new words similar to ""puppets up."" It effectively explores different variations by altering the structure, sound, and rhythm of the original phrase. The suggestions maintain the playful essence and introduce new elements, making it a well-executed exercise in wordplay."
catto,an alternative spelling of cat,mini,"The word ""catto"" is an informal and playful term for a cat. It's often used on the internet, particularly in memes and social media, to refer to cats in a cute or affectionate way. This term is part of a larger trend of using playful language to describe animals, similar to how ""doggo"" is used for dogs.","Sure! Here are a few sentences using the word ""catto"":

1. ""Every morning, the playful catto waits by the window for the sun to rise.""
2. ""The internet is full of adorable catto memes that brighten up my day.""
3. ""She adopted a fluffy catto from the shelter and named him Whiskers.""
4. ""The mischievous catto knocked over the vase while chasing a fly.""
5. ""He loves to post pictures of his catto on social media, and his followers adore them.""","Certainly! Here are the sentences translated into professional English:

1. ""Every morning, the playful cat waits by the window for the sun to rise.""
2. ""The internet is replete with adorable cat memes that brighten my day.""
3. ""She adopted a fluffy cat from the shelter and named him Whiskers.""
4. ""The mischievous cat knocked over the vase while chasing a fly.""
5. ""He enjoys posting pictures of his cat on social media, and his followers adore them.""","Creating new words similar to ""catto"" can be a fun exercise in creativity. Here are a few suggestions:

1. **Cattino**
2. **Cattito**
3. **Cattino**
4. **Cattico**
5. **Cattolo**
6. **Cattuno**
7. **Cattino**
8. **Cattoro**
9. **Cattino**
10. **Cattino**

These variations maintain the playful and affectionate tone often associated with the word ""catto.""",EXCELLENT,EXCELLENT,GOOD,"Rating: GOOD

The content effectively uses the word ""catto"" in various sentences, demonstrating its playful and informal use as an alternative spelling of ""cat."" The sentences are clear, varied, and contextually appropriate, making the content engaging and enjoyable.",EXCELLENT,"The content provided is a bit confusing because it seems to mix two different tasks: defining ""catto"" and translating sentences into professional English. However, the translation task is executed well, with clear and professional translations of the given sentences. 

Therefore, I would rate the translation part of the content as EXCELLENT, as it effectively transforms casual language into professional English. However, the initial part about the ""alternative spelling of cat"" seems unnecessary and unrelated to the translation task, which could be considered OKAY. Overall, focusing on the translation task, the content is EXCELLENT.",OKAY,"OKAY

The content provides a list of new words similar to ""catto,"" which aligns with the task of generating creative variations. However, there is a lack of variety, as ""Cattino"" is repeated multiple times. More unique suggestions would improve the content's quality."
petcation,"a vacation with one's pets, or a pet enjoying a vacation",mini,"The term ""petcation"" is a blend of the words ""pet"" and ""vacation."" It refers to a vacation or getaway where people bring their pets along with them. This concept has gained popularity as more pet owners seek to include their furry companions in their travel plans, opting for pet-friendly accommodations and activities that cater to both humans and their pets. A petcation allows pet owners to enjoy their time off without having to leave their pets behind, ensuring that the entire family, including the four-legged members, can enjoy the experience together.","1. After a long year of work, Sarah decided to take a petcation with her golden retriever, Max, to a cozy cabin in the mountains.
   
2. The resort offers a special petcation package that includes dog-friendly activities and gourmet pet meals.

3. Planning a petcation requires finding accommodations that welcome both you and your furry friend.

4. During their petcation, the family enjoyed hiking trails and beaches that were perfect for their energetic Labrador.

5. For their annual petcation, the couple chose a destination known for its pet-friendly parks and cafes.

6. The travel agency specializes in organizing petcations, ensuring that pets have as much fun as their owners.

7. On their petcation, they discovered a charming bed and breakfast that provided dog beds and treats upon arrival.

8. A petcation is a great way to bond with your pet while exploring new places together.

9. The travel blog featured a list of top destinations for a memorable petcation with your four-legged companion.

10. They documented their petcation on social media, sharing photos of their cat lounging by the pool.","1. After a year of diligent work, Sarah opted for a pet-friendly vacation with her golden retriever, Max, at a cozy mountain cabin.

2. The resort provides a specialized pet-friendly vacation package that includes dog-friendly activities and gourmet meals for pets.

3. Organizing a pet-friendly vacation necessitates finding accommodations that are welcoming to both you and your pet.

4. During their pet-friendly vacation, the family enjoyed hiking trails and beaches that were ideal for their energetic Labrador.

5. For their annual pet-friendly vacation, the couple selected a destination renowned for its pet-friendly parks and cafes.

6. The travel agency specializes in arranging pet-friendly vacations, ensuring that pets enjoy themselves as much as their owners do.

7. On their pet-friendly vacation, they discovered a charming bed and breakfast that offered dog beds and treats upon arrival.

8. A pet-friendly vacation is an excellent opportunity to bond with your pet while exploring new destinations together.

9. The travel blog highlighted a list of top destinations for an unforgettable pet-friendly vacation with your four-legged companion.

10. They chronicled their pet-friendly vacation on social media, sharing photos of their cat relaxing by the pool.","Creating new words similar to ""petcation"" involves blending words related to pets and travel or leisure. Here are a few suggestions:

1. **Furcation** - A vacation with your furry friends.
2. **Pawcation** - A getaway that includes your pet.
3. **Crittercation** - A holiday with your critters.
4. **Petventure** - An adventure with your pet.
5. **Whiskertrip** - A trip with your whiskered companions.
6. **Tailtrip** - A journey with your tailed friends.
7. **Barkaway** - A getaway with your barking buddy.
8. **Purrsuit** - A pursuit of leisure with your pet.
9. **Snoutescape** - An escape with your snouted pet.
10. **Clawjourney** - A journey with your clawed companion.

These words aim to capture the essence of traveling or spending leisure time with pets.",EXCELLENT,EXCELLENT,EXCELLENT,"Based on the provided definition of ""petcation"" and the context in which it is used, I would rate the content as follows:

1. After a long year of work, Sarah decided to take a petcation with her golden retriever, Max, to a cozy cabin in the mountains. - EXCELLENT

2. The resort offers a special petcation package that includes dog-friendly activities and gourmet pet meals. - EXCELLENT

3. Planning a petcation requires finding accommodations that welcome both you and your furry friend. - GOOD

4. During their petcation, the family enjoyed hiking trails and beaches that were perfect for their energetic Labrador. - EXCELLENT

5. For their annual petcation, the couple chose a destination known for its pet-friendly parks and cafes. - EXCELLENT

6. The travel agency specializes in organizing petcations, ensuring that pets have as much fun as their owners. - EXCELLENT

7. On their petcation, they discovered a charming bed and breakfast that provided dog beds and treats upon arrival. - EXCELLENT

8. A petcation is a great way to bond with your pet while exploring new places together. - GOOD

9. The travel blog featured a list of top destinations for a memorable petcation with your four-legged companion. - EXCELLENT

10. They documented their petcation on social media, sharing photos of their cat lounging by the pool. - EXCELLENT

Overall, the sentences effectively use the term ""petcation"" in a way that aligns with its definition, making the content mostly EXCELLENT.",EXCELLENT,"The content provided is clear, well-structured, and effectively communicates the concept of a ""petcation"" in a professional manner. Each sentence is concise and maintains a professional tone while describing various aspects of pet-friendly vacations. The use of specific examples and details enhances the understanding of the concept. Therefore, I would rate the content as EXCELLENT.",EXCELLENT,"The content is creative and effectively generates new words by blending terms related to pets and travel. It provides a variety of options that capture the essence of the concept. Therefore, I would rate the content as EXCELLENT."
woofer,"Large doggos, also known as big ol’ doggos. The glorious Great Dane is a prime example of a woofer",mini,"The term ""woofer"" typically refers to a type of loudspeaker designed to reproduce low-frequency sounds, such as bass and sub-bass. Woofers are an essential component of audio systems, including home theater systems, car audio systems, and professional sound systems, where they help deliver deep, rich bass tones. The name ""woofer"" is derived from the low-pitched sound that dogs make, known as a ""woof,"" reflecting the speaker's ability to produce low-frequency sounds.","1. The new sound system I bought has an impressive woofer that delivers deep, rich bass.
2. During the party, the woofer vibrated so intensely that it shook the entire room.
3. I need to replace the woofer in my car's audio system to improve the sound quality.
4. The home theater setup includes a subwoofer and a woofer for an immersive audio experience.
5. As a music producer, she always ensures that the woofer is perfectly tuned for optimal sound output.","1. The newly purchased sound system features an impressive woofer that delivers deep, rich bass.
2. During the event, the woofer vibrated with such intensity that it caused the entire room to shake.
3. I need to replace the woofer in my car's audio system to enhance the sound quality.
4. The home theater configuration includes both a subwoofer and a woofer to provide an immersive audio experience.
5. As a music producer, she consistently ensures that the woofer is precisely tuned for optimal sound output.","Sure! Here are some new words similar to ""woofer"":

1. Boomer
2. Rumbler
3. Thumper
4. Bassler
5. Thudder
6. Roarer
7. Throomer
8. Boomster
9. Thumper
10. Viber

These words maintain a similar sound or theme to ""woofer,"" often associated with deep sounds or vibrations.",GOOD,"GOOD

The content provides a clear and accurate explanation of the term ""woofer"" in the context of audio systems. It also makes a relevant connection to the origin of the term, which is related to the low-pitched sound that dogs make. However, it does not directly address the initial definition provided, which was about a large dog making deep sounding barks.",BAD,"BAD

The content provided does not align with the true definition of the word ""woofer"" as given, which is ""a large dog that makes deep sounding barks."" Instead, the sentences use ""woofer"" in the context of audio equipment, specifically referring to a speaker component that produces low-frequency sounds. Therefore, the sentences do not accurately reflect the intended definition.",GOOD,GOOD,GOOD,"GOOD

The content effectively generates new words that are thematically and phonetically similar to ""woofer,"" which is associated with deep sounds or vibrations. The list is creative and maintains the intended theme. However, there is a duplicate word (""Thumper""), which slightly detracts from the overall quality."
woofer,a large dog that makes deep sounding barks,mini,"The term ""woofer"" typically refers to a type of loudspeaker designed to reproduce low-frequency sounds, such as bass and sub-bass. Woofers are an essential component of audio systems, including home theater systems, car audio systems, and professional sound systems, where they help deliver deep, rich bass tones. The name ""woofer"" is derived from the low-pitched sound that dogs make, known as a ""woof,"" reflecting the speaker's ability to produce low-frequency sounds.","1. The new sound system I bought has an impressive woofer that delivers deep, rich bass.
2. During the party, the woofer vibrated so much that it made the floor shake.
3. I need to replace the woofer in my car's audio system to improve the sound quality.
4. The home theater setup includes a subwoofer and two woofers for an immersive audio experience.
5. As a music producer, she always ensures that the woofer settings are perfectly balanced for optimal sound.","1. The newly purchased sound system features an impressive woofer that delivers deep, rich bass.
2. During the event, the woofer's vibrations were so intense that they caused the floor to shake.
3. I need to replace the woofer in my car's audio system to enhance the sound quality.
4. The home theater configuration includes a subwoofer and two woofers to provide an immersive audio experience.
5. As a music producer, she consistently ensures that the woofer settings are perfectly balanced for optimal sound quality.","Sure! Here are some new words similar to ""woofer"":

1. Boomer
2. Thumper
3. Rumbler
4. Thudder
5. Bassler
6. Throomer
7. Viber
8. Boomster
9. Thrummer
10. Subber

These words maintain a similar sound or concept to ""woofer,"" often associated with deep sounds or vibrations.",GOOD,"GOOD

The content provides a clear and accurate explanation of the term ""woofer"" in the context of audio systems. It also makes a relevant connection to the origin of the term, which is related to the low-pitched sound that dogs make. However, it does not directly address the initial definition provided, which was about a large dog making deep sounding barks.",BAD,"BAD

The content provided does not align with the true definition of the word ""woofer"" as given, which is ""a large dog that makes deep sounding barks."" Instead, the sentences use ""woofer"" in the context of audio equipment, specifically referring to a speaker component that produces low-frequency sounds. Therefore, the sentences do not accurately reflect the intended definition.",GOOD,GOOD,GOOD,"GOOD

The content effectively generates new words that are thematically and phonetically similar to ""woofer,"" which is associated with deep sounds or vibrations. The list is creative and maintains the intended theme. However, there is a duplicate word (""Thumper""), which slightly detracts from the overall quality."
good ,good ,mini,"The word ""good"" is an adjective that generally describes something as positive, desirable, or beneficial. Its interpretation can vary depending on the context in which it is used. Here are a few common interpretations:

1. **Moral Quality**: When referring to a person's character or actions, ""good"" can mean virtuous, ethical, or morally right. For example, ""She is a good person.""

2. **Satisfactory**: It can describe something that meets a certain standard or expectation. For example, ""The meal was good.""

3. **Pleasant**: It can refer to something enjoyable or agreeable. For example, ""We had a good time at the party.""

4. **Skilled**: It can describe someone who is proficient or talented in a particular area. For example, ""He is good at playing the piano.""

5. **Beneficial**: It can indicate something that is advantageous or helpful. For example, ""Exercise is good for your health.""

6. **Reliable**: It can describe something that is dependable or trustworthy. For example, ""This is a good car.""

The meaning of ""good"" can be nuanced and is often determined by the context in which it is used.","Sure, here are a few sentences using the word ""good"":

1. She baked a batch of cookies that tasted really good.
2. It's always a good idea to double-check your work before submitting it.
3. He felt good about his performance in the interview.
4. The weather was so good that we decided to have a picnic in the park.
5. She has a good sense of humor and always makes everyone laugh.
6. It's important to have good communication skills in any relationship.
7. The book received good reviews from critics and readers alike.
8. He did a good job organizing the event, and everyone had a great time.
9. A good night's sleep can make a big difference in how you feel the next day.
10. They have a good selection of fresh produce at the local market.","Certainly, here are the sentences translated into professional English:

1. She prepared a batch of cookies that were exceptionally well-received.
2. It is always prudent to thoroughly review your work prior to submission.
3. He was confident about his performance during the interview.
4. The weather was so favorable that we opted to have a picnic in the park.
5. She possesses an excellent sense of humor and consistently entertains everyone.
6. Proficient communication skills are crucial in any relationship.
7. The book garnered positive reviews from both critics and readers.
8. He executed the event organization effectively, resulting in an enjoyable experience for all attendees.
9. A restful night's sleep can significantly impact your well-being the following day.
10. The local market offers an impressive selection of fresh produce.","Creating new words similar to ""good"" can involve altering the sound or structure while maintaining a similar feel. Here are a few suggestions:

1. **Goud** - A play on the pronunciation, similar to ""gold.""
2. **Gude** - A variation that sounds like ""good"" with a twist.
3. **Goad** - A slight change in spelling, maintaining a similar sound.
4. **Gool** - A playful alteration, reminiscent of ""cool.""
5. **Goudy** - Adding a suffix to create a new adjective.
6. **Gudd** - A phonetic variation with a double consonant.
7. **Gowd** - A blend of ""good"" and ""gold.""
8. **Guddly** - A whimsical version with an added suffix.
9. **Goudle** - A softer, more playful variation.
10. **Gooly** - Combining ""good"" with a playful ending.

These words are invented and don't have established meanings, but they could be used creatively in writing or conversation.",EXCELLENT,"EXCELLENT

The content provides a comprehensive and clear interpretation of the word ""good,"" covering various contexts and meanings. It effectively explains the different ways ""good"" can be understood, making it informative and well-structured.",EXCELLENT,EXCELLENT,GOOD,GOOD,GOOD,"GOOD

The content provides a creative and playful approach to generating new words similar to ""good."" The suggestions maintain a similar feel to the original word while introducing variations in sound and structure."
heckin',"a conjugation of heck, a dog's favorite swear word",mini,"The word ""heckin'"" is a playful, informal variation of the word ""heck,"" which itself is a mild euphemism for ""hell."" It's often used in internet slang and memes to emphasize something in a humorous or exaggerated way. For example, saying ""heckin' cute"" means something is very cute. This type of language is commonly found in online communities, especially those that focus on humor and lighthearted content.","Sure! Here are a few sentences using the word ""heckin'"":

1. That was a heckin' good movie; I can't wait to watch it again!
2. My dog is a heckin' adorable fluffball, and everyone loves him.
3. It's a heckin' hot day outside, so make sure to stay hydrated.
4. I had a heckin' great time at the concert last night; the band was amazing!
5. This pizza is heckin' delicious; I might have to order another one.","Certainly! Here are the sentences translated into professional English:

1. That was an exceptionally good movie; I am eager to watch it again.
2. My dog is an incredibly adorable fluffball, and everyone loves him.
3. It is an extremely hot day outside, so please ensure you stay hydrated.
4. I had an outstanding time at the concert last night; the band was amazing.
5. This pizza is exceptionally delicious; I might have to order another one.","Sure! Here are some playful, similar-sounding words:

1. Frickin'
2. Darnin'
3. Flippin'
4. Goshin'
5. Blinkin'
6. Zappin'
7. Whackin'
8. Snappin'
9. Boppin'
10. Quirkin'

These words maintain a similar informal and playful tone.",EXCELLENT,EXCELLENT,GOOD,"GOOD

The content effectively demonstrates the use of the word ""heckin'"" in various sentences, showcasing its informal and playful tone. The sentences are clear and contextually appropriate, making the content engaging and easy to understand.",GOOD,"GOOD

The content effectively translates casual expressions into professional English, maintaining the intended meaning while using more formal language.",GOOD,"GOOD

The content provides a creative and playful list of words similar to ""heckin',"" maintaining the informal and lighthearted tone intended. The list is varied and imaginative, making it suitable for the context."
loaf,A thicc or chonk doggo that looks like a loaf of bread.,mini,"The word ""loaf"" can have a few different meanings depending on the context:

1. **Bread**: Most commonly, ""loaf"" refers to a shaped mass of bread that is baked in one piece and usually sliced for eating. For example, a loaf of bread.

2. **Meatloaf**: It can also refer to a dish made of ground meat that is shaped into a loaf and baked, often with various seasonings and ingredients mixed in.

3. **Idleness**: Informally, ""loaf"" can be used as a verb meaning to spend time in a lazy or idle way, often referred to as ""loafing around.""

4. **Shape**: In a more general sense, ""loaf"" can describe any object that is shaped like a loaf of bread, such as a loaf of sugar.

The meaning of ""loaf"" would depend on the context in which it is used.","1. She decided to bake a fresh loaf of sourdough bread for the family dinner.
2. The cat loves to loaf around in the sunniest spot in the living room.
3. He sliced the loaf carefully, making sure each piece was even.
4. After a long day, all I wanted to do was loaf on the couch and watch TV.
5. The bakery down the street makes the best loaf of banana bread I've ever tasted.
6. We bought a loaf of rye bread to go with the homemade soup.
7. The dog was loafing in the backyard, enjoying the cool breeze.
8. She packed a loaf of bread and some cheese for the picnic.
9. He was accused of being a loafer at work, never completing his tasks on time.
10. The aroma of a freshly baked loaf filled the entire house.","1. She opted to bake a fresh loaf of sourdough bread for the family dinner.
2. The cat enjoys lounging in the sunniest spot in the living room.
3. He carefully sliced the loaf, ensuring each piece was even.
4. After a long day, all I wanted to do was relax on the couch and watch television.
5. The bakery down the street produces the best loaf of banana bread I have ever tasted.
6. We purchased a loaf of rye bread to accompany the homemade soup.
7. The dog was relaxing in the backyard, enjoying the cool breeze.
8. She packed a loaf of bread and some cheese for the picnic.
9. He was accused of being unproductive at work, consistently failing to complete his tasks on time.
10. The aroma of a freshly baked loaf permeated the entire house.","Creating new words similar to ""loaf"" involves altering sounds or letters while maintaining a similar structure. Here are a few possibilities:

1. Bloaf
2. Cloaf
3. Floaf
4. Gloaf
5. Hoaf
6. Joaf
7. Kroaf
8. Moaf
9. Noaf
10. Roaf

These variations maintain the general phonetic structure of ""loaf"" while introducing new initial consonants.",GOOD,"GOOD

The content provides a clear and comprehensive interpretation of the word ""loaf,"" covering its various meanings in different contexts. It effectively explains each meaning with examples, making it easy to understand.",EXCELLENT,"The content provided is a series of sentences using the word ""loaf"" in various contexts. Here's the rating for each sentence:

1. She decided to bake a fresh loaf of sourdough bread for the family dinner. - EXCELLENT
2. The cat loves to loaf around in the sunniest spot in the living room. - GOOD
3. He sliced the loaf carefully, making sure each piece was even. - EXCELLENT
4. After a long day, all I wanted to do was loaf on the couch and watch TV. - GOOD
5. The bakery down the street makes the best loaf of banana bread I've ever tasted. - EXCELLENT
6. We bought a loaf of rye bread to go with the homemade soup. - EXCELLENT
7. The dog was loafing in the backyard, enjoying the cool breeze. - GOOD
8. She packed a loaf of bread and some cheese for the picnic. - EXCELLENT
9. He was accused of being a loafer at work, never completing his tasks on time. - GOOD
10. The aroma of a freshly baked loaf filled the entire house. - EXCELLENT

Overall, the sentences effectively use the word ""loaf"" in both literal and figurative contexts, demonstrating a good understanding of its meanings.",EXCELLENT,"The content provided is a mix of informal and formal language, with a playful tone in the first part and a straightforward request in the second part. Here's the rating:

1. The playful description of a ""thicc or chonk doggo"" is creative and humorous, appealing to a specific audience familiar with internet slang. However, it might not be universally understood or appreciated in a professional context. Rating: GOOD

2. The request to translate sentences into professional English is clear and straightforward. The sentences themselves are simple and well-constructed, making the task easy to understand. Rating: EXCELLENT",GOOD,"GOOD

The content effectively generates new words similar to ""loaf"" by altering the initial consonant while maintaining the phonetic structure. The explanation is clear, and the list provides a variety of options. However, it could be improved by providing context or potential uses for these new words."
